{"accuracy": [0.6731864809989929, 0.8311660289764404, 0.8786673545837402, 0.8966147303581238, 0.9085437655448914, 0.9152068495750427, 0.9227297306060791, 0.9259538054466248, 0.9286405444145203, 0.9301450848579407, 0.9308973550796509, 0.9340139627456665, 0.9340139627456665, 0.9335840940475464, 0.9373455047607422, 0.9404621124267578, 0.9388501048088074, 0.9406770467758179, 0.9379903078079224, 0.9443309903144836], "loss": [0.6778407692909241, 0.38856348395347595, 0.28885695338249207, 0.24949324131011963, 0.2209267020225525, 0.20563441514968872, 0.19312900304794312, 0.18227382004261017, 0.18153692781925201, 0.1686183214187622, 0.17134957015514374, 0.16014789044857025, 0.16317929327487946, 0.1639956682920456, 0.15754368901252747, 0.14831623435020447, 0.14740663766860962, 0.14634205400943756, 0.14651080965995789, 0.1372707635164261], "val_accuracy": [0.8710232377052307, 0.9316422939300537, 0.9527084827423096, 0.9595872759819031, 0.9604471325874329, 0.9625967144966125, 0.9625967144966125, 0.9660361409187317, 0.9664660096168518, 0.9664660096168518, 0.9690455794334412, 0.9703353643417358, 0.970765233039856, 0.9711951613426208, 0.970765233039856, 0.9729148745536804, 0.9742046594619751, 0.9733448028564453, 0.9737747311592102, 0.9742046594619751], "val_loss": [0.3335985839366913, 0.20105049014091492, 0.152770534157753, 0.1279253512620926, 0.11389042437076569, 0.10494586080312729, 0.09979258477687836, 0.09318295121192932, 0.09040749073028564, 0.08749230951070786, 0.08454082161188126, 0.0833321064710617, 0.0816483348608017, 0.07989943772554398, 0.07877285033464432, 0.07844208180904388, 0.07802154123783112, 0.07752767950296402, 0.07483331859111786, 0.07276380807161331]}