{"accuracy": [0.5828049182891846, 0.6560988426208496, 0.697474479675293, 0.7110155820846558, 0.7307898998260498, 0.7437936663627625, 0.7485222816467285, 0.765287458896637, 0.7774314880371094, 0.7964535355567932, 0.800322413444519, 0.8068780303001404, 0.8122514486312866, 0.8266523480415344, 0.8333154320716858, 0.8328855633735657, 0.8421278595924377, 0.8420203924179077, 0.8454594016075134, 0.8527673482894897], "loss": [0.7500885128974915, 0.6200054287910461, 0.5748947262763977, 0.5562427639961243, 0.5296729803085327, 0.517851710319519, 0.5063503980636597, 0.4843164384365082, 0.4639286398887634, 0.447147399187088, 0.430614173412323, 0.41993090510368347, 0.4089181125164032, 0.39189833402633667, 0.3764880895614624, 0.3731040954589844, 0.35849374532699585, 0.3555564284324646, 0.33780375123023987, 0.33641642332077026], "val_accuracy": [0.655631959438324, 0.7175408601760864, 0.7437661290168762, 0.7691315412521362, 0.7811694145202637, 0.7777299880981445, 0.7837489247322083, 0.8013757467269897, 0.7940670847892761, 0.7828890681266785, 0.8121238350868225, 0.8267411589622498, 0.819862425327301, 0.8181427121162415, 0.8331900238990784, 0.840498685836792, 0.8486672639846802, 0.8439381122589111, 0.8546861410140991, 0.8516767024993896], "val_loss": [0.6299282312393188, 0.5750536918640137, 0.5327561497688293, 0.5064725279808044, 0.47739580273628235, 0.4710140824317932, 0.4682609736919403, 0.43797826766967773, 0.440251886844635, 0.46267613768577576, 0.4129822552204132, 0.40070992708206177, 0.4015302062034607, 0.4436419904232025, 0.38560566306114197, 0.38439473509788513, 0.37216755747795105, 0.3795698881149292, 0.36284515261650085, 0.354819655418396]}