{"accuracy": [0.5623857975006104, 0.5797958374023438, 0.6113917231559753, 0.6518000960350037, 0.6632993221282959, 0.6577109098434448, 0.7065019011497498, 0.7355185151100159, 0.7444384694099426, 0.7834497690200806, 0.8004298806190491, 0.8224610686302185, 0.8421278595924377, 0.8622246384620667, 0.8794196844100952, 0.8963997960090637, 0.9141321778297424, 0.9257388710975647, 0.927028477191925, 0.9379903078079224], "loss": [4.870394229888916, 0.6747841835021973, 0.6471781730651855, 0.6154127717018127, 0.6090057492256165, 0.6159608960151672, 0.5478640794754028, 0.5083334445953369, 0.5086880326271057, 0.4536023736000061, 0.4247663915157318, 0.38952016830444336, 0.35607287287712097, 0.3226191997528076, 0.2798469066619873, 0.2570089101791382, 0.21825207769870758, 0.1951734870672226, 0.18349219858646393, 0.1652163863182068], "val_accuracy": [0.5709372162818909, 0.5408426523208618, 0.6332759857177734, 0.5937231183052063, 0.6190885901451111, 0.6053310632705688, 0.6087704300880432, 0.6001719832420349, 0.620378315448761, 0.639724850654602, 0.6345657706260681, 0.6392949223518372, 0.6233878135681152, 0.6169389486312866, 0.6160790920257568, 0.6332759857177734, 0.6354256272315979, 0.6371453404426575, 0.6294066905975342, 0.6298366189002991], "val_loss": [0.6765450835227966, 0.6802682280540466, 0.6401397585868835, 0.6888595819473267, 0.691441535949707, 0.6762070059776306, 0.7254469394683838, 0.8139224052429199, 0.9211064577102661, 0.8100805878639221, 0.8698563575744629, 0.9268723130226135, 0.8182487487792969, 0.9353624582290649, 1.012253999710083, 1.0399152040481567, 1.148475170135498, 1.090856909751892, 1.1744897365570068, 1.2175555229187012]}