{"accuracy": [0.5404621362686157, 0.551209032535553, 0.5509940981864929, 0.5602364540100098, 0.5782912373542786, 0.600429892539978, 0.6120365262031555, 0.6346050500869751, 0.6412681341171265, 0.6488984227180481, 0.6747984886169434, 0.6803869009017944, 0.6865126490592957, 0.697474479675293, 0.7139172554016113, 0.7383127212524414, 0.746587872505188, 0.7554003000259399, 0.7643202543258667, 0.7672219276428223], "loss": [6.562317848205566, 0.6926307082176208, 0.6868512630462646, 0.6815128326416016, 0.6749531030654907, 0.6646398901939392, 0.6555254459381104, 0.6474131941795349, 0.6382831931114197, 0.6271500587463379, 0.612952470779419, 0.5997557640075684, 0.595262885093689, 0.5868896245956421, 0.5586962699890137, 0.5337436199188232, 0.5224047303199768, 0.5086724758148193, 0.49354225397109985, 0.4876135587692261], "val_accuracy": [0.5309544205665588, 0.5262252688407898, 0.569647490978241, 0.5778160095214844, 0.6100602149963379, 0.6066207885742188, 0.6461737155914307, 0.6698194146156311, 0.6582115292549133, 0.6723989844322205, 0.6831470131874084, 0.7076526284217834, 0.6758383512496948, 0.7119518518447876, 0.7265692353248596, 0.7373172640800476, 0.760103166103363, 0.7622528076171875, 0.7785898447036743, 0.7669819593429565], "val_loss": [0.6882752180099487, 0.6878128051757812, 0.6737076640129089, 0.671000063419342, 0.6591716408729553, 0.6607422828674316, 0.6308497190475464, 0.6192902326583862, 0.6262487173080444, 0.6090472340583801, 0.5882086753845215, 0.5582094192504883, 0.5838639736175537, 0.5630987286567688, 0.5406240820884705, 0.5249150395393372, 0.49190810322761536, 0.5070174336433411, 0.47473400831222534, 0.4911147356033325]}